nama_pesaing,kabupaten_kota,latitude,longitude,rating_bintang
Bani Aqiqah Bogor,Kabupaten Bogor,-6.525191,106.5089349,4.9
Rumah Aqiqah Bogor,Kabupaten Bogor,-6.525191,106.5089349,5.0
Sahabat Aqiqah,Kabupaten Bogor,-6.525191,106.5089349,5.0
Gonam Aqiqah Bogor,Kabupaten Bogor,-6.525191,106.5089349,5.0
KLIK AQIQAH BOGOR,Kabupaten Bogor,-6.525191,106.5089349,5.0
Aqiqah Nurul Hayat Bogor,Kabupaten Bogor,-6.525191,106.5089349,5.0
Bens Aqiqah,Kabupaten Bogor,-6.525191,106.5089349,5.0
Aqiqah Dinar Bogor,Kabupaten Bogor,-6.525191,106.5089349,5.0
Bogor Aqiqah Center,Kabupaten Bogor,-6.525191,106.5089349,4.6
Salamah Aqiqah & Catering,Kabupaten Bogor,-6.525191,106.5089349,5.0
AQIQAH AZKAH,Kabupaten Bogor,-6.525191,106.5089349,4.8
Hamasah Aqiqah Center,Kabupaten Bogor,-6.525191,106.5089349,4.9
Pelangi Aqiqah,Kabupaten Bogor,-6.525191,106.5089349,4.7
Kencana Farm Aqiqah dan Qurban Bogor,Kabupaten Bogor,-6.525191,106.5089349,5.0
Abah Farm Aqiqah Bogor – Qurban & Kambing Guling,Kabupaten Bogor,-6.525191,106.5089349,4.8
KHASANAH AQIQAH BOGOR,Kabupaten Bogor,-6.525191,106.5089349,4.7
Katering Aqiqah Al Ma'idah & Peternakan Kambing Super Bogor,Kabupaten Bogor,-6.525191,106.5089349,4.8
Medina Aqiqah & Catering,Kabupaten Bogor,-6.3843264,106.6853685,5.0
Prestige Aqiqah Bogor,Kabupaten Bogor,-6.5662637,106.485412,5.0
"Rucis Aqiqah Bogor ( Jasa Aqiqah, Catering Aqiqah, Tempat Paket Catering Aqiqah) Bisa dadakan h-1",Kabupaten Bogor,-6.5662637,106.485412,5.0
Aqiqah Mutiara Hijrah | Aqiqah | Catering | Kambing Guling | Qurban | Kambing | Sapi,Kabupaten Bogor,-6.6444294,106.6014944,4.7
ASYIQ AQIQAH (Catering Aqiqah | Jasa Aqiqah | Paket Aqiqah),Kabupaten Bogor,-6.6444294,106.6014944,4.7
Aqiqah Q-ta Sukabumi,Kabupaten Sukabumi,-6.8683837,106.6048405,4.9
Aqiqah Sukabumi Nurul Hayat,Kabupaten Sukabumi,-6.8683837,106.6048405,5.0
ADZKIA AQIQAH SUKABUMI,Kabupaten Sukabumi,-6.8683837,106.6048405,4.9
Aqiqahking Aqiqah Sukabumi,Kabupaten Sukabumi,-6.8683837,106.6048405,4.9
Rizqia Aqiqah Cibadak Sukabumi,Kabupaten Sukabumi,-6.8683837,106.6048405,4.9
Aqiqah Almaidah Sukabumi,Kabupaten Sukabumi,-6.8683837,106.6048405,5.0
Aqiqah Sukabumi - Cahaya Iman Aqiqah,Kabupaten Sukabumi,-6.8683837,106.6048405,5.0
Ahsan Aqiqah | Jasa Catering Aqiqah Sukabumi & Bogor,Kabupaten Sukabumi,-6.8683837,106.6048405,5.0
Rizkia Aqiqah Kota Sukabumi,Kabupaten Sukabumi,-6.8683837,106.6048405,5.0
RUMAH QURBAN DAN AQIQAH ISMAIL,Kabupaten Sukabumi,-6.8683837,106.6048405,5.0
Aqiqah Sukabumi Ameena,Kabupaten Sukabumi,-6.8683837,106.6048405,5.0
Sadari Aqiqah Sukabumi,Kabupaten Sukabumi,-6.7988324,106.4592802,4.1
Jasa Aqiqah Sukabumi - Paket Aqiqah Terbaik Sukabumi - Aqiqah Rumah Ummat,Kabupaten Sukabumi,-6.963462,106.6501781,5.0
Amanah Aqiqah,Kabupaten Sukabumi,-6.963462,106.6501781,4.8
Kantor Pendaftaran Aqiqah Q-ta Sukabumi,Kabupaten Sukabumi,-6.963462,106.6501781,5.0
Aqiqah Kang Isa,Kabupaten Sukabumi,-6.963462,106.6501781,4.6
AQIQAH 86 Sukabumi,Kabupaten Sukabumi,-6.8676429,106.3764585,5.0
Kandang Cahaya Iman Aqiqah,Kabupaten Sukabumi,-6.9096879,106.554414,5.0
Dapur Haura Catering & Aqiqah Sukabumi),Kabupaten Sukabumi,-6.9096879,106.554414,5.0
Jual domba dan kambing aqiqah qurban,Kabupaten Sukabumi,-6.875495,106.7039812,5.0
ADZKIA AQIQAH CICURUG,Kabupaten Sukabumi,-6.778011,106.498529,5.0
Mitra Aqiqah Sukabumi Nurul Hayat,Kabupaten Sukabumi,-6.9520767,106.6801848,0.0
ADZKIA AQIQAH PELABUHAN RATU,Kabupaten Sukabumi,-7.0006607,106.3263235,4.0
Saung domba aqiqah qurban dan bibit,Kabupaten Sukabumi,-6.8961481,106.6367598,5.0
Umeena Aqiqah,Kabupaten Sukabumi,-6.8961481,106.6367598,0.0
Rama Aqiqah,Kabupaten Sukabumi,-6.8961481,106.6367598,5.0
Kandang Walad Aqiqah Sukabumi,Kabupaten Sukabumi,-6.8571953,106.4550781,5.0
RUMAH AQIQAH ALI IMRON,Kabupaten Sukabumi,-6.8571953,106.4550781,5.0
Hidayah Aqiqah Cicurug,Kabupaten Sukabumi,-6.8571953,106.4550781,4.0
ADZKIA AQIQAH BAROS,Kabupaten Sukabumi,-6.9527384,106.6393151,0.0
AQIQAH UMAT,Kabupaten Sukabumi,-6.8100361,106.7884795,5.0
AQIQAH NUR SUKMA CIANJUR,Kabupaten Sukabumi,-6.8100361,106.7884795,5.0
Umee Aqiqah,Kabupaten Sukabumi,-6.6319285,106.4852748,0.0
Rumah Aqiqah ku suka Busar,Kabupaten Sukabumi,-6.6319285,106.4852748,0.0
KAMBING AQIQAH & KURBAN BANTARGADUNG,Kabupaten Sukabumi,-6.9735573,106.3761096,0.0
Aqiqah Cianjur Nurul Hayat,Kabupaten Sukabumi,-6.8292736,106.8696633,5.0
Kambing Guling Sukabumi,Kabupaten Sukabumi,-6.8684047,106.6048188,4.5
DT AQIQAH CIANJUR,Kabupaten Sukabumi,-6.8316289,106.89071,5.0
UD TATANG AQIQAH,Kabupaten Sukabumi,-6.7601549,106.472152,4.8
SAWARGI AQIQAH & KAMBING GULING,Kabupaten Sukabumi,-6.739661,106.7562779,4.4
Insinyur Domba,Kabupaten Sukabumi,-6.9454273,106.1931145,4.9
SAYA AQIQAH CIANJUR,Kabupaten Sukabumi,-6.8200128,106.7893138,4.8
TEMAN AQIQAH CIANJUR (Spesialis Domba & Kambing),Kabupaten Sukabumi,-6.8200128,106.7893138,5.0
Lido Aqiqah,Kabupaten Sukabumi,-6.7661362,106.5342297,4.9
Jasa Aqiqah Cianjur - Aqiqah Rumah Ummat Cianjur,Kabupaten Sukabumi,-6.8662495,106.7978079,5.0
Aqiqah & Kambing Guling Kang Asep Cianjur,Kabupaten Sukabumi,-6.8662495,106.7978079,5.0
Aqiqah Bandung Al Hilal,Kabupaten Sukabumi,-6.8893358,107.1654549,4.9
"PAKIS Catering Sukabumi - Nasi Box, Tumpeng, Kue Lebaran",Kabupaten Sukabumi,-6.9059652,106.3158004,5.0
Susan Catering,Kabupaten Sukabumi,-6.9059652,106.3158004,4.8
A dan W Catering,Kabupaten Sukabumi,-6.9059652,106.3158004,4.5
AC Catering Sukabumi,Kabupaten Sukabumi,-6.9059652,106.3158004,4.5
AGEUNG CATERING & JASA MASAK | SUKABUMI,Kabupaten Sukabumi,-6.9059652,106.3158004,5.0
BAH BAYAN CATERING SUKABUMI,Kabupaten Sukabumi,-6.9059652,106.3158004,5.0
Ami Catering Sukabumi,Kabupaten Sukabumi,-6.9059652,106.3158004,5.0
Lido Aqiqah Catering,Kabupaten Sukabumi,-6.9059652,106.3158004,4.3
Aqiqah Bandung Al Hilal (Pusat / Official),Kabupaten Sukabumi,-6.8683498,107.0049661,4.8
Kireina Catering Sukabumi,Kabupaten Sukabumi,-6.9184805,106.3627417,5.0
Rizqia Aqiqah Bandung,Kabupaten Sukabumi,-6.9594029,107.1100225,4.8
Dapur Aqiqah Purwakarta,Kabupaten Sukabumi,-6.5127531,106.8914136,4.9
Aqiqah di Garut Dapur Aqiqah,Kabupaten Sukabumi,-7.2284119,107.3343714,5.0
Catering Nasi Kotak - Tumpeng Sukabumi,Kabupaten Sukabumi,-6.9605815,106.3319502,5.0
Syauqi Aqiqah Cianjur,Kabupaten Cianjur,-6.8279561,106.897539,4.6
KANDANG AQIQAH CIANJUR,Kabupaten Cianjur,-6.8279561,106.897539,5.0
Dt aqiqah cianjur,Kabupaten Cianjur,-6.8279561,106.897539,0.0
DAPUR AQIQAH 86 CIANJUR,Kabupaten Cianjur,-6.8279561,106.897539,4.8
Salma Aqiqah,Kabupaten Cianjur,-6.8279561,106.897539,5.0
Aqiqah Anak Shaleh Cianjur,Kabupaten Cianjur,-6.8279561,106.897539,5.0
Jasa Aqiqah - Ruang Aqiqah Cianjur,Kabupaten Cianjur,-6.8279561,106.897539,0.0
Kandang Sentra Aqiqah Cianjur,Kabupaten Cianjur,-6.8279561,106.897539,0.0
DAPUR AQIQAH INDONESIA,Kabupaten Cianjur,-6.8279561,106.897539,0.0
Kandang Mitra Aqiqah Nurul Hayat,Kabupaten Cianjur,-6.8279561,106.897539,5.0
RAJA DOKA AQIQAH,Kabupaten Cianjur,-6.7091702,106.9126999,4.8
"RUMAH QURBAN AQIQAHKU - PT. SAUDAGAR PANGAN NUSANTARA-Jual Domba Kambing Hidup, Qurban Domba Sapi",Kabupaten Bandung,-6.990415,107.5152734,5.0
Aqiqah Bandung Madinah,Kabupaten Bandung,-6.990415,107.5152734,5.0
Aqiqah 86 Bandung,Kabupaten Bandung,-6.990415,107.5152734,4.9
Dapur Aqiqah Bandung – Paket & Jasa Aqiqah Murah,Kabupaten Bandung,-6.990415,107.5152734,4.8
AQIQAHKU - PT. SAUDAGAR PANGAN NUSANTARA (Aqiqah - Kambing Guling Catering Ny. Yensa),Kabupaten Bandung,-6.990415,107.5152734,5.0
Sentra Aqiqah Nusantara | Layanan Domba Aqiqah + Catering Bandung Raya,Kabupaten Bandung,-6.990415,107.5152734,4.8
SENTRA AQIQAH-KOPO,Kabupaten Bandung,-6.9669678,107.436751,5.0
Nun Aqiqah Bandung,Kabupaten Bandung,-6.9669678,107.436751,5.0
Aqiqah Bandung Nurul Hayat,Kabupaten Bandung,-6.9430082,107.5184146,4.9
Aqiqah Dinar Bandung,Kabupaten Bandung,-6.9699321,107.435482,5.0
Rumah Aqiqah Bandung,Kabupaten Bandung,-6.9699321,107.435482,4.9
Pondok Aqiqah Bandung,Kabupaten Bandung,-6.9056662,107.5811177,5.0
KAMBING GULING Ny. YENSA - PT. SAUDAGAR PANGAN NUSANTARA,Kabupaten Bandung,-6.9227865,107.5805495,5.0
Jasa Aqiqah&Cettring Bandung Ilham nur Aqiqah,Kabupaten Bandung,-6.9471755,107.6742877,5.0
NASI BOX CATERING NYONYA YENSA - PT. SAUDAGAR PANGAN NUSANTARA,Kabupaten Bandung,-6.9718882,107.5679231,5.0
RAHMAH Aqiqah Garut,Kabupaten Garut,-7.2291947,107.7657535,5.0
Aqiqah Garut Nurul Hayat,Kabupaten Garut,-7.2291947,107.7657535,5.0
Bani Aqiqah Garut,Kabupaten Garut,-7.2291947,107.7657535,5.0
AQIQAH GARUT,Kabupaten Garut,-7.1740071,107.8387351,4.4
Gold Aqiqah Garut,Kabupaten Garut,-7.1740071,107.8387351,5.0
AQIQAH RAJA SATE,Kabupaten Garut,-7.1693743,107.750799,4.2
Aqiqah Garut by Kamayel's BBQ,Kabupaten Garut,-7.1693743,107.750799,5.0
Aqiqah Garut Kang Asep,Kabupaten Garut,-7.1693743,107.750799,5.0
MADANI AQIQAH GARUT,Kabupaten Garut,-7.1693743,107.750799,5.0
AQIQAH GARUT TAROGONG,Kabupaten Garut,-7.1693743,107.750799,0.0
Lubna Aqiqah,Kabupaten Garut,-7.1693743,107.750799,5.0
AQIQAH BANYURESMI,Kabupaten Garut,-7.1693743,107.750799,5.0
Pondok Aqiqah Garut,Kabupaten Garut,-7.1693743,107.750799,5.0
AQIQAH KARANGPAWITAN,Kabupaten Garut,-7.1693743,107.750799,5.0
Sentra Aqiqah Nusantara cabang Garut,Kabupaten Garut,-7.1700438,107.8360321,0.0
AQIQAH CIBATU,Kabupaten Garut,-7.1700438,107.8360321,0.0
SAE AQIQAH,Kabupaten Garut,-7.1700438,107.8360321,5.0
Aqiqah Green Garut,Kabupaten Garut,-7.2107732,107.7150589,0.0
FITRIAN AQIQAH GARUT,Kabupaten Garut,-7.1668882,107.8129272,0.0
Kambing Guling & Aqiqah R Haris Garut,Kabupaten Garut,-7.1668882,107.8129272,5.0
Jawara Aqiqah (Layanan Aqiqah siap saji dan Kurban),Kabupaten Garut,-7.2021507,107.728618,5.0
Kandang Aqiqah dan qurban,Kabupaten Garut,-7.2021507,107.728618,0.0
Catering Kambing Guling Kang Asep,Kabupaten Garut,-7.2021507,107.728618,4.8
Aqiqah Photografy,Kabupaten Garut,-7.1867788,107.8301749,3.0
Aqiqah Ciparay Mulya aqiqah,Kabupaten Garut,-7.0363075,107.5636286,5.0
"Barqah Farm Layanan Domba Untuk Aqiqah / Qurban, Pembibitan",Kabupaten Garut,-7.3004,107.6737044,4.5
DT Aqiqah Ciparay Bandung Selatan,Kabupaten Garut,-7.0431994,107.5760543,5.0
Siraja Halal Penyedia Domba,Kabupaten Garut,-7.1772984,107.8436476,5.0
Cerdas Aqiqah Bandung Raya,Kabupaten Garut,-7.0236379,107.6741397,5.0
Cimanuk Food Market,Kabupaten Garut,-7.2190533,107.7548024,4.0
Qaf Aqiqah - Jasa Aqiqah Bandung | Kambing Guling | Qurban,Kabupaten Garut,-7.0671681,107.5886581,5.0
Pasar Domba Wanaraja Garut,Kabupaten Garut,-7.1736031,107.838957,4.3
Azhari catring & Aqiqah,Kabupaten Garut,-7.0264924,107.5393254,5.0
Jabbar Aqiqah,Kabupaten Garut,-7.048209,107.6183615,5.0
Dapur Zakiyah Catering Garut,Kabupaten Garut,-7.0718223,107.8248217,5.0
Paddy Farm,Kabupaten Garut,-7.1708375,107.7576638,5.0
Saffan Aqiqah,Kabupaten Garut,-7.0978257,107.5962353,5.0
Elbirru Catering,Kabupaten Garut,-7.1988423,107.7591514,5.0
Daarut Tauhiid Aqiqah Ciparay (DT-Aqiqah-Ciparay),Kabupaten Garut,-7.0514872,107.568709,0.0
Aqiqah Garut Az-zahra,Kabupaten Garut,-7.0514872,107.568709,0.0
MD Aqiqah Catering,Kabupaten Garut,-6.9816719,107.707558,5.0
Sultan Catering & Aqiqah,Kabupaten Garut,-6.975355,107.6204594,5.0
Catering Garut Kota,Kabupaten Garut,-7.2161387,107.7387672,5.0
Enay Catering,Kabupaten Garut,-7.2161387,107.7387672,4.5
Catering Garut,Kabupaten Garut,-7.2161387,107.7387672,4.1
Catering Wisata Garut Joeny,Kabupaten Garut,-7.2089137,107.619039,5.0
Qurban aqiqah catering by Dapur Ummyne,Kabupaten Garut,-6.9785307,107.6114467,5.0
Katering Family Kitchen Catering,Kabupaten Garut,-7.0444056,107.8103648,5.0
Super Aqiqah,Kabupaten Garut,-6.9696234,107.6535239,5.0
Aqiqah Bandung Cimahi Assabiq aqiqah,Kabupaten Garut,-6.9108506,107.5590831,4.7
Aqiqah Ummul Quro Ciwastra,Kabupaten Garut,-6.9108506,107.5590831,4.5
Zahraya Aqiqah Bandung,Kabupaten Garut,-6.9926899,107.693477,5.0
FADHILA AQIQAH PUSAT TASIKMALAYA,Kabupaten Tasikmalaya,-7.3530796,107.6506432,4.9
Aqiqah Tasikmalaya Nurul Hayat,Kabupaten Tasikmalaya,-7.3530796,107.6506432,5.0
Syasya Aqiqah Tasikmalaya,Kabupaten Tasikmalaya,-7.3530796,107.6506432,5.0
MADANI AQIQAH & CATERING,Kabupaten Tasikmalaya,-7.3530796,107.6506432,4.9
"CV. TABINA (GROSIR DOGAR,BIBIT,AQIQAH TASIKMALAYA)",Kabupaten Tasikmalaya,-7.3530796,107.6506432,5.0
Dapur Aqiqah Tasik,Kabupaten Tasikmalaya,-7.3530796,107.6506432,4.9
Aqiqah Tazkiyah Singaparna,Kabupaten Tasikmalaya,-7.3530796,107.6506432,4.9
Wanjera Aqiqah & Catering,Kabupaten Tasikmalaya,-7.3530796,107.6506432,4.8
Nazeem Aqiqah,Kabupaten Tasikmalaya,-7.3530796,107.6506432,5.0
Nurul Qolbi Aqiqah Tasikmalaya,Kabupaten Tasikmalaya,-7.3530796,107.6506432,5.0
Sentra Aqiqah Tasikmalaya,Kabupaten Tasikmalaya,-7.3530796,107.6506432,5.0
ADZIMAH AQIQAH TASIKMALAYA,Kabupaten Tasikmalaya,-7.3530796,107.6506432,5.0
Hamzah Aqiqah Tasikmalaya,Kabupaten Tasikmalaya,-7.3530796,107.6506432,5.0
Aqiqah Qurban Tasikmalaya,Kabupaten Tasikmalaya,-7.3530796,107.6506432,5.0
Izi Aqiqah Tasikmalaya,Kabupaten Tasikmalaya,-7.3530796,107.6506432,5.0
AQIQAH AMPERA TASIKMALAYA,Kabupaten Tasikmalaya,-7.3530796,107.6506432,5.0
Aryni Aqiqah Tasikmalaya,Kabupaten Tasikmalaya,-7.3530796,107.6506432,5.0
Aqiqah Antassalam Tasikmalaya,Kabupaten Tasikmalaya,-7.3530796,107.6506432,5.0
Katering Kambing Guling dan Aqiqah Tasikmalaya,Kabupaten Tasikmalaya,-7.3530796,107.6506432,5.0
HIDAYAH AQIQAH,Kabupaten Tasikmalaya,-7.3530796,107.6506432,5.0
DT Aqiqah Tasikmalaya,Kabupaten Tasikmalaya,-7.3530796,107.6506432,5.0
Kandang Fadhila Aqiqah,Kabupaten Tasikmalaya,-7.3530796,107.6506432,4.3
alghani aqiqah tasik,Kabupaten Tasikmalaya,-7.3530796,107.6506432,5.0
Jasa Aqiqah Rajapolah Tasikmalaya,Kabupaten Tasikmalaya,-7.3530796,107.6506432,5.0
Madani Aqiqah Singaparna,Kabupaten Tasikmalaya,-7.3530796,107.6506432,5.0
Kambing guling kabita | Aqiqah | Qurban,Kabupaten Tasikmalaya,-7.3530796,107.6506432,4.7
Aqiqah Tazkiyah Tasikmalaya,Kabupaten Tasikmalaya,-7.3530796,107.6506432,5.0
Ummi Aqiqah,Kabupaten Tasikmalaya,-7.3530796,107.6506432,5.0
Ridho Manah Aqiqah,Kabupaten Tasikmalaya,-7.3530796,107.6506432,5.0
AKIKAHKITA TASIKMALAYA,Kabupaten Tasikmalaya,-7.3530796,107.6506432,4.5
Pusat Aqiqah & Qurban Tasikmalaya,Kabupaten Tasikmalaya,-7.3530796,107.6506432,4.8
Baraya Aqiqah,Kabupaten Tasikmalaya,-7.3530796,107.6506432,4.6
Aqiqah Alhusna tasik,Kabupaten Tasikmalaya,-7.3530796,107.6506432,0.0
Madani Aqiqah Manonjaya,Kabupaten Tasikmalaya,-7.3530796,107.6506432,5.0
Aqiqah Musafia,Kabupaten Tasikmalaya,-7.3530796,107.6506432,0.0
"kambing guling kabita, aqiqah, qurban",Kabupaten Tasikmalaya,-7.3530796,107.6506432,5.0
Berkah Jaya Aqiqah,Kabupaten Tasikmalaya,-7.3530796,107.6506432,0.0
Madani Aqiqah Tawang,Kabupaten Tasikmalaya,-7.3530796,107.6506432,5.0
Madani Aqiqah Mangkubumi,Kabupaten Tasikmalaya,-7.3530796,107.6506432,5.0
GeSi Aqiqah & Catering,Kabupaten Tasikmalaya,-7.3530796,107.6506432,5.0
AQIQAH TERDEKAT AKIKAHKITA,Kabupaten Tasikmalaya,-7.3318913,108.1158814,4.5
Aqiqah Murah Tasikmalaya (Pondok Domba Karikil),Kabupaten Tasikmalaya,-7.3622349,108.0324214,5.0
AQIQAH GN TANJUNG TASIKMALAYA,Kabupaten Tasikmalaya,-7.4010193,108.141112,5.0
Gold Aqiqah Tasik,Kabupaten Tasikmalaya,-7.3673023,108.0759542,0.0
Aqiqah Nunia Tasikmalaya,Kabupaten Tasikmalaya,-7.3673023,108.0759542,0.0
Kandang Aqiqah Tazkiyah Cisayong,Kabupaten Tasikmalaya,-7.2564228,108.0075084,0.0
TOP Aqiqah Tasikmalaya,Kabupaten Tasikmalaya,-7.2564228,108.0075084,0.0
RUMAH PRODUKSI ICA,Kabupaten Tasikmalaya,-7.3290631,108.0914548,5.0
Mutiara Laksana Catering,Kabupaten Tasikmalaya,-7.3495107,107.9987406,5.0
"Sumber Aqiqah (SUQA), Ciamis",Kabupaten Tasikmalaya,-7.3135941,108.2101066,4.8
Kacipta Catering,Kabupaten Tasikmalaya,-7.3031704,108.0648254,5.0
Aqiqah Rahmat,Kabupaten Tasikmalaya,-7.3031704,108.0648254,4.3
SYASYA AQIQAH PARAKANNYASAG,Kabupaten Tasikmalaya,-7.3031704,108.0648254,5.0
Aqiqah Rumah Dokas Ciamis,Kabupaten Ciamis,-7.3511548,107.8143863,4.8
Aqiqah Ciamis,Kabupaten Ciamis,-7.3511548,107.8143863,5.0
Fadhila Aqiqah Ciamis,Kabupaten Ciamis,-7.3511548,107.8143863,0.0
Dapur Aqiqah Banjar Ciamis Cilacap Pangandan,Kabupaten Ciamis,-7.3511548,107.8143863,5.0
DOKU AQIQAH SIAP SAJI CIAMIS,Kabupaten Ciamis,-7.3511548,107.8143863,5.0
Aqiqah Mumtaz,Kabupaten Ciamis,-7.3511548,107.8143863,0.0
Gemilang Aqiqah Banjar,Kabupaten Ciamis,-7.3511548,107.8143863,5.0
"Undangan Cetak dan Digital Pernikahan,Aqiqah, Khitan, Reuni, Dan acara lainnya",Kabupaten Ciamis,-7.3511548,107.8143863,5.0
jual domba ciamis (aqiqah/qurban) dani domba,Kabupaten Ciamis,-7.3511548,107.8143863,5.0
Fikri Jaya Aqiqah_Qurban,Kabupaten Ciamis,-7.3511548,107.8143863,0.0
AQIQAH KARAPITAN - PT. SAUDAGAR PANGAN NUSANTARA,Kabupaten Ciamis,-6.9311607,107.0391503,5.0
Klik Aqiqah Bandung,Kabupaten Ciamis,-6.9311607,107.0391503,5.0
Miftah Aqiqah,Kabupaten Ciamis,-6.9311607,107.0391503,5.0
Arrayyan Aqiqah,Kabupaten Ciamis,-6.9311607,107.0391503,4.7
Aqiqah di Bandung (Oemar Aqiqah),Kabupaten Ciamis,-6.9311607,107.0391503,4.9
AQIQAH AL HILAL CISARANTEN,Kabupaten Ciamis,-6.9311607,107.0391503,4.4
Daarut Tauhiid Aqiqah Rancaekek,Kabupaten Ciamis,-6.9311607,107.0391503,5.0
JUAL KAMBING AQIQAH DAN QURBAN,Kabupaten Ciamis,-7.157039,107.7393818,0.0
Aqiqah Bandung Cimahi - Nur Sukma Prima,Kabupaten Ciamis,-6.966248,107.1206663,4.8
Layana Aqiqah dan Qurban Amanah Ummah,Kabupaten Ciamis,-6.966248,107.1206663,5.0
Aqiqah di Bandung (Assabiq Ujungberung),Kabupaten Ciamis,-6.966248,107.1206663,4.0
Jasa Aqiqah Bandung & Cimahi,Kabupaten Ciamis,-6.966248,107.1206663,5.0
Aqiqah Bandung,Kabupaten Ciamis,-6.966248,107.1206663,4.9
"Kang Domba Aqiqah, Qurban dan Katering (Spesialis Domba Sejak 1983)",Kabupaten Ciamis,-6.966248,107.1206663,5.0
Nurin aqiqah bandung,Kabupaten Ciamis,-6.966248,107.1206663,5.0
Utsmani Aqiqah,Kabupaten Ciamis,-6.966248,107.1206663,5.0
Hikmah Rama Aqiqah Official,Kabupaten Ciamis,-6.966248,107.1206663,5.0
Qurban Bandung part of Miftah Aqiqah,Kabupaten Ciamis,-6.966248,107.1206663,5.0
Sunnah Farm Qurban & Aqiqah Bandung,Kabupaten Ciamis,-6.966248,107.1206663,5.0
LISHA CATERING AQIQAH,Kabupaten Ciamis,-7.37804,107.9578679,5.0
Srikandi catering // Rumah Aqiqah Banjar Patroman,Kabupaten Ciamis,-7.37804,107.9578679,4.8
Jasa Aqiqah Catering Pangandaran HaZ Aqiqah,Kabupaten Ciamis,-7.37804,107.9578679,5.0
TRUST AQIQAH & QURBAN,Kabupaten Ciamis,-7.37804,107.9578679,5.0
Dapur Aqiqah Majalengka,Kabupaten Ciamis,-6.8252732,107.700625,4.9
Sentra Aqiqah Nusantara cabang Kuningan,Kabupaten Kuningan,-6.9376978,108.1989356,5.0
KABSUN AQIQAH KUNINGAN,Kabupaten Kuningan,-6.9376978,108.1989356,5.0
Dapur Aqiqah Kuningan,Kabupaten Kuningan,-6.9376978,108.1989356,5.0
MADANI AQIQAH KUNINGAN,Kabupaten Kuningan,-6.9376978,108.1989356,5.0
Dsultan Aqiqah Kuningan,Kabupaten Kuningan,-6.9376978,108.1989356,5.0
Sentra Aqiqah (Duta Aqiqah & Qurban),Kabupaten Kuningan,-6.9376978,108.1989356,4.8
Cirebon Aqiqah,Kabupaten Kuningan,-6.9376978,108.1989356,3.9
Paket Aqiqah | Jasa Aqiqah | Catering Aqiqah - Syamil,Kabupaten Kuningan,-6.9376978,108.1989356,5.0
Agen Sentra Aqiqah (Cabang Selajambe),Kabupaten Kuningan,-6.9376978,108.1989356,0.0
"Elsyifa Cabang Kuningan (Catering Aqiqah, Qurban & El-Syifa Tour Travel)",Kabupaten Kuningan,-6.9376978,108.1989356,5.0
FADHILA AQIQAH KUNINGAN,Kabupaten Kuningan,-6.9376978,108.1989356,0.0
agen sentra aqiqah kuningan arif,Kabupaten Kuningan,-6.9376978,108.1989356,5.0
Idris Aqiqah Kuningan,Kabupaten Kuningan,-6.9376978,108.1989356,5.0
Kantor Sentra Aqiqah Nusantara (Subsidiary GAP),Kabupaten Kuningan,-6.9376978,108.1989356,0.0
Sentra Aqiqah Nusantara (Cabang Cirebon),Kabupaten Kuningan,-6.9376978,108.1989356,5.0
SYAMIL AQIQAH & QURBAN,Kabupaten Kuningan,-6.9376978,108.1989356,5.0
Demul Aqiqah & Qurban - Akikah Kita,Kabupaten Kuningan,-6.9376978,108.1989356,5.0
Kantin CBM (Katering) dapur Sentra Aqiqah,Kabupaten Kuningan,-6.9376978,108.1989356,5.0
Shafana Farm Aqiqah & Qurban,Kabupaten Kuningan,-6.9376978,108.1989356,4.8
Qhubil Kambing Aqiqah,Kabupaten Kuningan,-6.9376978,108.1989356,3.7
AGRISATWA SUBUR TANI Sedia Hewan Aqiqah dan Qurban,Kabupaten Kuningan,-6.9376978,108.1989356,5.0
Safana aqiqah dan catering,Kabupaten Kuningan,-6.9376978,108.1989356,0.0
Sentra Aqiqah Nusantara cabang Majalengka,Kabupaten Kuningan,-6.8366438,107.9619423,5.0
Kabsun Aqiqah Cirebon,Kabupaten Kuningan,-6.7061765,108.2659375,4.6
Zein Aqiqah Cirebon,Kabupaten Kuningan,-6.7061765,108.2659375,4.9
Aqiqah majalengka assalam,Kabupaten Kuningan,-6.8401096,107.9510137,4.7
AQIQAH ELSYIFA,Kabupaten Kuningan,-6.7504028,108.2469107,4.7
Kambing Guling Kang Demul dan Hima Farm (Aqiqah dan Qurban),Kabupaten Kuningan,-7.0190034,108.2924762,0.0
BERKAH FAMILY JUAL KAMBING QURBAN DAN Aqiqah muhammad safi'i (mumu),Kabupaten Kuningan,-6.7973722,108.2019654,0.0
Dapur Aqiqah Cirebon,Kabupaten Kuningan,-6.7973722,108.2019654,4.9
AQIQAH CIREBON NURUL HAYAT,Kabupaten Kuningan,-6.7973722,108.2019654,4.9
MULYA FARM,Kabupaten Kuningan,-6.7973722,108.2019654,5.0
Rumah Daging Kuningan,Kabupaten Kuningan,-6.7973722,108.2019654,4.5
Cinta aqiqah & qurban,Kabupaten Kuningan,-6.7973722,108.2019654,0.0
ALMA CATERING,Kabupaten Kuningan,-7.0037248,108.1593624,5.0
Madani Aqiqah & Catering Cirebon.,Kabupaten Kuningan,-6.7547801,108.1681453,5.0
Euis Catering,Kabupaten Kuningan,-6.7547801,108.1681453,4.4
Cinta Sunda Catering,Kabupaten Kuningan,-6.7547801,108.1681453,4.9
Eva Catering,Kabupaten Kuningan,-6.7547801,108.1681453,4.9
Catering Kuningan,Kabupaten Kuningan,-6.7547801,108.1681453,0.0
Aqiqah Plus Ketanggungan,Kabupaten Kuningan,-6.9304818,108.599091,5.0
"Nasi Kotak , Catering, Nasi Liwet, Tumpeng Dapoer Az-zahra",Kabupaten Kuningan,-6.976249,108.2007523,5.0
Aqiqah Catering Putri,Kabupaten Kuningan,-6.7461964,108.2703639,4.8
Dapur Mpok Sanah Catering Kuningan,Kabupaten Kuningan,-6.7461964,108.2703639,5.0
Jago Aqiqah Cirebon,Kabupaten Kuningan,-6.7461964,108.2703639,5.0
Uma Aba Catering,Kabupaten Kuningan,-6.7461964,108.2703639,5.0
Dua-dua kitchen,Kabupaten Kuningan,-6.7461964,108.2703639,4.0
Attaqi Aqiqah by Oyen Catering,Kabupaten Kuningan,-6.7461964,108.2703639,5.0
Aqiqah Mulya,Kabupaten Kuningan,-6.7461964,108.2703639,4.0
Catering Aqiqah Al-Karim Cirebon,Kabupaten Kuningan,-6.7461964,108.2703639,5.0
Rumah Aqiqah Cirebon,Kabupaten Cirebon,-6.7258189,108.4999014,5.0
Aqiqah Express Office Cirebon,Kabupaten Cirebon,-6.756733,108.4628233,5.0
Kandang Sentra Aqiqah Cirebon,Kabupaten Cirebon,-6.756733,108.4628233,4.8
Aqiqah Cirebon,Kabupaten Cirebon,-6.756733,108.4628233,3.4
AL AQIQAH CIREBON,Kabupaten Cirebon,-6.7629352,108.403689,4.0
Shaqueena Aqiqah,Kabupaten Cirebon,-6.7110649,108.4573601,4.9
Cirebon Aqiqah Perum,Kabupaten Cirebon,-6.7110649,108.4573601,4.7
Banati Aqiqah,Kabupaten Cirebon,-6.7110649,108.4573601,4.4
Aqiqah & Catering Nurhidayati,Kabupaten Cirebon,-6.7046764,108.3924555,5.0
Central Aqiqah,Kabupaten Cirebon,-6.7046764,108.3924555,5.0
Dapur Sentra Aqiqah Cirebon,Kabupaten Cirebon,-6.7046764,108.3924555,5.0
JAUZA Aqiqah & Qurban,Kabupaten Cirebon,-6.6912698,108.4770553,5.0
Milenial Aqiqah Cirebon,Kabupaten Cirebon,-6.6912698,108.4770553,5.0
Raja Aqiqah Cirebon,Kabupaten Cirebon,-6.6912698,108.4770553,5.0
AQIQAH & QURBAN AZZAM SYIFA,Kabupaten Cirebon,-6.694533,108.357871,5.0
Aqiqah Elsyifa Adah,Kabupaten Cirebon,-6.7597314,108.4954556,5.0
Catering Akikah Umi Izza - Wilayah 3 Cirebon,Kabupaten Cirebon,-6.7172631,108.4397129,5.0
PONDOK RALANA AQIQAH,Kabupaten Cirebon,-6.7527525,108.4007511,5.0
Attaqi Aqiqah,Kabupaten Cirebon,-6.7079324,108.4801774,5.0
H. Miskam Aqiqah & Hewan Qurban,Kabupaten Cirebon,-6.7079324,108.4801774,4.7
Nur Aqiqah,Kabupaten Cirebon,-6.7079324,108.4801774,5.0
Kandang AL AQIQAH,Kabupaten Cirebon,-6.7079324,108.4801774,0.0
AZHAR NUR AQIQAH,Kabupaten Cirebon,-6.7079324,108.4801774,5.0
Pondok Aqiqah Al Aslan,Kabupaten Cirebon,-6.7616735,108.4251293,5.0
AQIQAH/KURBAN.KANDANG FAMILY.,Kabupaten Cirebon,-6.7778786,108.4788314,5.0
Aqiqah Elsyifa Cirebon - Pilang,Kabupaten Cirebon,-6.7037578,108.4705575,0.0
Abah Angon ( Jual Hewan Qurban & Aqiqah),Kabupaten Cirebon,-6.7037578,108.4705575,4.3
Kambing qurban & aqiqah pa jupri,Kabupaten Cirebon,-6.7707671,108.4840314,5.0
Aqiqah Qurban Cirebon Zettafarm,Kabupaten Cirebon,-6.7707671,108.4840314,0.0
Dapur Jago Aqiqah Cirebon,Kabupaten Cirebon,-6.7665623,108.377704,0.0
Ali Farm Raja Aqiqah,Kabupaten Cirebon,-6.6636129,108.4179011,5.0
Dahlia Catering,Kabupaten Cirebon,-6.7246727,108.4999014,4.6
Andalus Catering Cirebon,Kabupaten Cirebon,-6.7246727,108.4999014,5.0
PAWON AQIQAH QU,Kabupaten Cirebon,-6.7090395,108.4552807,0.0
Aqiqah Talun,Kabupaten Cirebon,-6.7090395,108.4552807,0.0
Aqiqah Kuningan Nurul Hayat,Kabupaten Cirebon,-6.9878941,108.5169222,0.0
Azzahrah Catering,Kabupaten Cirebon,-6.7461567,108.461653,4.9
Aqiqah Elsyifa Suranenggala,Kabupaten Cirebon,-6.6504997,108.4663932,0.0
Key's Catering Cirebon,Kabupaten Cirebon,-6.7367696,108.4600962,5.0
RISALAH AQIQAH CATERING,Kabupaten Cirebon,-6.9021188,108.6458574,3.0
Catering Ibu Dzul GSP,Kabupaten Cirebon,-6.7594331,108.477699,4.7
Catering Ibu Elvy (Cirebon catering),Kabupaten Cirebon,-6.6914154,108.4287498,5.0
"Mul Kambing (Kurban, Aqiqah, Nikahan, Sunatan, Hajatan, Syukuran)",Kabupaten Cirebon,-6.6121888,108.446554,4.5
Aqiqah Elsyifa Majalengkaku,Kabupaten Majalengka,-6.8349338,107.9371327,4.8
Aqiqah Majalengka,Kabupaten Majalengka,-6.8349338,107.9371327,0.0
Mama Soim [Kandang Sentra Aqiqah Majalengka],Kabupaten Majalengka,-6.8349338,107.9371327,5.0
Kantor Aqiqah Elsyifa Majalengka | Aqiqah Majalengka,Kabupaten Majalengka,-6.8349338,107.9371327,0.0
Odah Aqiqah,Kabupaten Majalengka,-6.8349338,107.9371327,0.0
Putri/a Aqiqah Majalengka,Kabupaten Majalengka,-6.8349338,107.9371327,0.0
KABSUN AQIQAH CAB.MAJALENGKA,Kabupaten Majalengka,-6.8349338,107.9371327,0.0
AQIQAH-QU (Aqiqah & Qurban,Kabupaten Majalengka,-6.8349338,107.9371327,0.0
Putri Mahkota FARM Kandang Domba Aqiqah & Qurban,Kabupaten Majalengka,-6.6120587,107.9751245,5.0
Aqiqah & Kebuli Majalengka,Kabupaten Majalengka,-6.6120587,107.9751245,4.9
Altasyach Aqiqah,Kabupaten Majalengka,-6.6120587,107.9751245,0.0
Gerai Qurban Dan Aqiqah Iyus Ijah,Kabupaten Majalengka,-6.6120587,107.9751245,0.0
Aqiqah & Qurban Syariah,Kabupaten Majalengka,-7.040561,108.0876841,0.0
Qurban dan Aqiqah Kang Iyus,Kabupaten Majalengka,-6.8062419,107.8990867,0.0
Aqiqah Sumedang Nurul Hayat,Kabupaten Sumedang,-6.8352126,107.6361373,5.0
Dapur Aqiqah Sumedang,Kabupaten Sumedang,-6.8352126,107.6361373,5.0
Sentra Aqiqah Sumedang,Kabupaten Sumedang,-6.8352126,107.6361373,4.9
Aqiqah Sumedang Izi Aqiqah,Kabupaten Sumedang,-6.8352126,107.6361373,5.0
Aqiqah Jatinangor Nurul Hayat,Kabupaten Sumedang,-6.9409122,107.4706045,5.0
SURGA AQIQAH,Kabupaten Sumedang,-6.9409122,107.4706045,5.0
SURGA AQIQAH cicalengka,Kabupaten Sumedang,-6.9409122,107.4706045,4.8
Jasa Aqiqah Sumedang Siap Saji,Kabupaten Sumedang,-6.9449381,107.793627,5.0
UmaQiqah Aqiqah Sumedang,Kabupaten Sumedang,-6.9095681,107.5129495,5.0
Makna Aqiqah,Kabupaten Sumedang,-6.9095681,107.5129495,4.9
Domba qurban dan aqiqah MJSputra giriharja,Kabupaten Sumedang,-6.9095681,107.5129495,4.6
Putra Aqiqah,Kabupaten Sumedang,-6.9095681,107.5129495,0.0
"Domas Aqiqah & Qurban (Layanan Aqiqah, Qurban, dan Hewan Ternak lainnya)",Kabupaten Sumedang,-6.9095681,107.5129495,5.0
Rayhan Aqiqah,Kabupaten Sumedang,-6.6341575,107.5739183,5.0
Dadan Domba Aqiqah dan Kurban,Kabupaten Sumedang,-6.9569869,107.5723449,5.0
Quba Aqiqah Dapur,Kabupaten Sumedang,-6.7875839,107.7340201,4.8
Kandang IZI AQIQAH,Kabupaten Sumedang,-6.7875839,107.7340201,5.0
aBusro Aqiqah,Kabupaten Sumedang,-6.9692157,107.4684568,4.9
Pagar Domba Aqiqah,Kabupaten Sumedang,-6.9692157,107.4684568,0.0
Domba Petet dan Aqikah Salwi,Kabupaten Sumedang,-6.8079053,107.6476631,5.0
KANDANG DOMBA SUKASIRNA (QURBAN DAN AQIQAH),Kabupaten Sumedang,-6.9422223,107.830345,0.0
Zaen Aqiqah & Qurban,Kabupaten Sumedang,-6.8590302,107.6209369,0.0
Aqiqah Almaidah,Kabupaten Sumedang,-6.8590302,107.6209369,3.0
Pusat Aqiqah,Kabupaten Sumedang,-6.9472709,107.4579566,4.7
PUSAT DOMBA AQIQAH CILEUNYI,Kabupaten Sumedang,-6.9472709,107.4579566,5.0
Aqiqah Indramayu Nurul Hayat,Kabupaten Indramayu,-6.3292409,107.7474368,5.0
Elbadar Aqiqah Indramayu,Kabupaten Indramayu,-6.3292409,107.7474368,5.0
Dapur Aqiqah Indramayu,Kabupaten Indramayu,-6.3292409,107.7474368,5.0
Kantor Biakikah Aqiqah Indramayu,Kabupaten Indramayu,-6.3292409,107.7474368,5.0
Aqiqah Elsyifa Indramayu,Kabupaten Indramayu,-6.3292409,107.7474368,3.7
Gerai Aqiqah Qurban abah Rudi,Kabupaten Indramayu,-6.3292409,107.7474368,5.0
Aqiqah Al-Barkah Indramayu,Kabupaten Indramayu,-6.3292409,107.7474368,0.0
MADANI AQIQAH INDRAMAYU,Kabupaten Indramayu,-6.3292409,107.7474368,0.0
Aqiqah & Qurban Kandank BWS,Kabupaten Indramayu,-6.3292409,107.7474368,4.8
KABSUN AQIQAH INDRAMAYU,Kabupaten Indramayu,-6.3292409,107.7474368,0.0
Jual Beli Kambing Qurban Aqiqah Bp Acim,Kabupaten Indramayu,-6.3292409,107.7474368,5.0
Abu Salim Aqiqah,Kabupaten Indramayu,-6.3292409,107.7474368,0.0
ROKHMAN JAGAL HEWAN QURBAN/AQIQAH INDRAMAYU,Kabupaten Indramayu,-6.3292409,107.7474368,5.0
Kambing Kurban & Aqiqah Pak Tokid,Kabupaten Indramayu,-6.3292409,107.7474368,0.0
Dapur Ummi Indramayu ( Layanan Aqiqah Siap Saji ),Kabupaten Indramayu,-6.3292409,107.7474368,0.0
jual kambing qurban dan aqiqah,Kabupaten Indramayu,-6.3292409,107.7474368,0.0
Nahda Aqiqah,Kabupaten Indramayu,-6.9174733,107.1233458,2.5
Dapur Produksi Rumah Aqiqah,Kabupaten Indramayu,-6.9174733,107.1233458,4.8
MOULANA EQAH (eco qurban & aqiqah halal),Kabupaten Indramayu,-6.9174733,107.1233458,5.0
Aqiqah Bandung Walad Aqiqah Dapur,Kabupaten Indramayu,-6.9174733,107.1233458,5.0
Subang Aqiqah,Kabupaten Subang,-6.5492688,107.4519696,5.0
Aqiqah Subang Nurul Hayat,Kabupaten Subang,-6.5492688,107.4519696,5.0
Kurnia Aqiqah Subang,Kabupaten Subang,-6.5492688,107.4519696,5.0
Syafazan Aqiqah Subang,Kabupaten Subang,-6.5492688,107.4519696,5.0
Dsultan Aqiqah Subang,Kabupaten Subang,-6.3185222,107.4038862,5.0
AQIQAH AMAR - Ciater- Subang,Kabupaten Subang,-6.7212459,107.393723,5.0
Catering Subang,Kabupaten Subang,-6.7212459,107.393723,4.8
Mustanir Aqiqah Subang,Kabupaten Subang,-6.7212459,107.393723,5.0
Aqiqah Idaman Subang,Kabupaten Subang,-6.3185165,107.4038932,0.0
Aqiqah Domba Ungu Subang,Kabupaten Subang,-6.3185165,107.4038932,0.0
Domba Aqiqah Subang,Kabupaten Subang,-6.7140837,107.4709035,0.0
DT Aqiqah Cabang Subang,Kabupaten Subang,-6.7140837,107.4709035,0.0
AQIQAHONLINE,Kabupaten Subang,-6.7140837,107.4709035,3.9
Kandang Giantari farm Hewan Qurban dan aqiqah,Kabupaten Subang,-6.7140837,107.4709035,5.0
Mayda Aqiqah Subang,Kabupaten Subang,-6.7140837,107.4709035,0.0
SYAM AQIQAH SUBANG,Kabupaten Subang,-6.7140837,107.4709035,0.0
De Qurban & Aqiqah,Kabupaten Subang,-6.7140837,107.4709035,0.0
Saung Silang Sejahtera Teh Yuni,Kabupaten Subang,-6.7140837,107.4709035,4.9
BANDAR HEWAN QURBAN DAN AQIQAH,Kabupaten Subang,-6.7140837,107.4709035,5.0
Asep Hj. 'Aqiqah jln. Sawo 1 no. 8 karanganyar subang,Kabupaten Subang,-6.7140837,107.4709035,5.0
Catering dan paket aqiqah Pagaden subang,Kabupaten Subang,-6.4610893,107.5294316,0.0
Rumah Daging Qurban dan Aqiqah,Kabupaten Subang,-6.4610893,107.5294316,3.7
Aqiqah Madani Purwakarta,Kabupaten Subang,-6.6008283,107.1299733,4.4
Syakhira Catering & Aqiqah,Kabupaten Subang,-6.2490924,107.5234887,5.0
Aqiqah Tasik Purwakarta Official,Kabupaten Subang,-6.4813962,107.1901026,5.0
Munasor Aqiqah,Kabupaten Subang,-6.2830651,107.587448,0.0
De'Aqiqah,Kabupaten Subang,-6.5052159,107.3883218,0.0
Badii Farm Aqiqah Qurban Purwakarta,Kabupaten Subang,-6.520637,107.1614694,5.0
Aqiqah Dinar Purwakarta,Kabupaten Subang,-6.520637,107.1614694,4.7
De'Aqiqah 2,Kabupaten Subang,-6.5398249,107.3815069,0.0
Aqiqah Purwakarta Nurul Hayat,Kabupaten Subang,-6.5319832,107.1486849,5.0
Laatansani Aqiqah Cikampek Kotabaru Karawang,Kabupaten Subang,-6.5319832,107.1486849,5.0
Kurnia Aqiqah Cikampek,Kabupaten Subang,-6.5319832,107.1486849,5.0
Mitra RAUDHAH AQIQAH blanakan [ibu wiwi],Kabupaten Subang,-6.2704095,107.3631009,3.0
El Badar Aqiqah,Kabupaten Subang,-6.5635719,107.1609472,5.0
Al Binaa 2 Subang,Kabupaten Subang,-6.6811976,107.3830168,4.9
Sahabat Aqiqah Karawang Cikarang,Kabupaten Subang,-6.2745895,106.9827328,5.0
Aqiqah Ghani Purwakarta,Kabupaten Subang,-6.481445,107.1902632,4.8
"JUAL BELI HEWAN QURBAN DAN AQIQAH + SUSU KAMBING ETAWA GOMILKU SR12 , ETAWALIN , ETAWAKU",Kabupaten Subang,-6.2531256,107.52945,5.0
Aqiqah Karawang Nurul Hayat,Kabupaten Subang,-6.3156442,107.0234609,5.0
Aqiqah Idaman Purwakarta,Kabupaten Subang,-6.566217,107.1651421,5.0
Aqiqah Domba Ungu Purwakarta,Kabupaten Subang,-6.566217,107.1651421,5.0
Osman Farm - Mitra Aqiqah Dinar,Kabupaten Subang,-6.566217,107.1651421,4.7
Griya Aqiqah Karawang,Kabupaten Subang,-6.566217,107.1651421,4.7
Mandiri Aqiqah Purwakarta,Kabupaten Purwakarta,-6.5348458,107.3463842,5.0
Aqiqah Noya Purwakarta,Kabupaten Purwakarta,-6.4813103,107.4064334,5.0
Aqiqah Al Hilal Cabang Purwakarta,Kabupaten Purwakarta,-6.4813103,107.4064334,5.0
Dsultan Aqiqah Purwakarta,Kabupaten Purwakarta,-6.5662187,107.381458,0.0
Hanifa Aqiqah Purwakarta,Kabupaten Purwakarta,-6.5662187,107.381458,5.0
DT Aqiqah Purwakarta,Kabupaten Purwakarta,-6.4954962,107.4008222,4.0
Alifa Qurban & Aqiqah,Kabupaten Purwakarta,-6.4954962,107.4008222,5.0
Ummah Aqiqah Purwakarta,Kabupaten Purwakarta,-6.5595298,107.3716231,5.0
OK Aqiqah & Katering,Kabupaten Purwakarta,-6.5595298,107.3716231,5.0
Istiqomah Aqiqah & Qurban,Kabupaten Purwakarta,-6.5595298,107.3716231,5.0
Aqiqah Bintang 5 Purwakarta,Kabupaten Purwakarta,-6.4812617,107.4064653,0.0
Sentra Aqiqah - Purwakarta,Kabupaten Purwakarta,-6.6008766,107.3463084,0.0
Dapur Aqiqah Supplier Network,Kabupaten Purwakarta,-6.5226345,107.3836386,0.0
Aqiqah baroqah,Kabupaten Purwakarta,-6.5226345,107.3836386,0.0
Rumah Aqiqah Istiqomah,Kabupaten Purwakarta,-6.5226345,107.3836386,0.0
Agen Aqiqah Dinar Purwakarta & Alisha Cell,Kabupaten Purwakarta,-6.4732175,107.3167245,5.0
Domba Aqiqah & Qurban,Kabupaten Purwakarta,-6.5747971,107.3435932,5.0
FUJI Aqiqah,Kabupaten Purwakarta,-6.6449779,107.3251593,5.0
Kandang kuring jual beli domba aqiqah kurban dll,Kabupaten Purwakarta,-6.5251827,107.4406192,5.0
Halum Farm - Jual Hewan Qurban dan Aqiqah,Kabupaten Purwakarta,-6.5627979,107.4009342,5.0
AQIQAH PURWAKARTA,Kabupaten Purwakarta,-6.5339952,107.3661007,0.0
Aqiqah Cihanjuang,Kabupaten Purwakarta,-6.857371,107.4248794,0.0
Kurnia Aqiqah Karawang,Kabupaten Karawang,-6.2755757,107.1297693,5.0
Aqiqah Dinar Karawang,Kabupaten Karawang,-6.2755757,107.1297693,4.9
Aqiqah Domba Ungu Karawang,Kabupaten Karawang,-6.2755757,107.1297693,4.8
Griya Aqiqah Karawang 2,Kabupaten Karawang,-6.3105475,107.2495901,4.9
Aqiqah Karawang by Bang Haji,Kabupaten Karawang,-6.3104581,107.1773137,5.0
Cahaya Aqiqah Karawang New,Kabupaten Karawang,-6.3104581,107.1773137,4.7
Aqiqah Al Mufi'i,Kabupaten Karawang,-6.3104581,107.1773137,5.0
AQIQAH86 KARAWANG,Kabupaten Karawang,-6.3104581,107.1773137,5.0
Aqiqah & Qurban AL-HAFIZ Karawang (KANTOR),Kabupaten Karawang,-6.3104581,107.1773137,5.0
Aisyah Aqiqah Karawang,Kabupaten Karawang,-6.2849632,107.3122279,5.0
Aqiqah Idaman Karawang,Kabupaten Karawang,-6.3102888,107.1773094,5.0
Fatimah Aqiqah,Kabupaten Karawang,-6.3102888,107.1773094,4.9
Aqiqah & Qurban Al-Hafiz Karawang,Kabupaten Karawang,-6.3102888,107.1773094,4.8
Aqiqah Al-Madina,Kabupaten Karawang,-6.3102888,107.1773094,5.0
Mutiara Aqiqah Karawang,Kabupaten Karawang,-6.3102888,107.1773094,5.0
Aqiqah Karriz Karawang,Kabupaten Karawang,-6.3102888,107.1773094,5.0
Fajar Aqiqah & Jnc Cookies_krw,Kabupaten Karawang,-6.3102888,107.1773094,5.0
Mulia Aqiqah,Kabupaten Karawang,-6.3102888,107.1773094,4.4
Musa Aqiqah Karawang,Kabupaten Karawang,-6.3102888,107.1773094,5.0
Tempat Produksi Raudhah Aqiqah,Kabupaten Karawang,-6.3102888,107.1773094,4.5
Aqiqah Emak Karawang,Kabupaten Karawang,-6.3102888,107.1773094,5.0
Bina Aqiqah,Kabupaten Karawang,-6.3102888,107.1773094,4.2
Armada Aqiqah,Kabupaten Karawang,-6.3102888,107.1773094,5.0
Kebuli Cinta Catering & Aqiqah,Kabupaten Karawang,-6.3102888,107.1773094,5.0
Annisa aqiqah,Kabupaten Karawang,-6.3102888,107.1773094,5.0
Fauziyyah Aqiqoh,Kabupaten Karawang,-6.3634011,107.250452,5.0
Aqiqah Bina Ukhuwah,Kabupaten Karawang,-6.2990512,107.158882,5.0
Aqiqah,Kabupaten Karawang,-6.2990512,107.158882,0.0
Alliya Aqiqah,Kabupaten Karawang,-6.2990512,107.158882,5.0
Pondok Aqiqah,Kabupaten Karawang,-6.2990512,107.158882,3.7
"Aqiqah Al Mufi'i, Jatimulya",Kabupaten Karawang,-6.2990512,107.158882,5.0
Rindu Aqiqah,Kabupaten Karawang,-6.2990512,107.158882,4.3
D'Sultan Aqiqah Karawang,Kabupaten Karawang,-6.2990512,107.158882,0.0
Shouza Aqiqah,Kabupaten Karawang,-6.3897157,107.3256106,5.0
DapoerQu AQiQah,Kabupaten Karawang,-6.3223541,107.1888368,5.0
Firdaus Aqiqah,Kabupaten Karawang,-6.3223541,107.1888368,4.5
MAMIKA CATERING & BINTANG AQIQAH,Kabupaten Karawang,-6.3366015,107.3248702,0.0
Zakia Aqiqah,Kabupaten Karawang,-6.3366015,107.3248702,4.3
AQIQAH CIKARANG BEKASI KARAWANG WARUNG AQIQAH,Kabupaten Karawang,-6.2486427,106.9900656,4.7
Aqiqah Almas,Kabupaten Karawang,-6.2627249,107.1285669,5.0
Rumah cinta syamil aqiqah karawang,Kabupaten Karawang,-6.2627249,107.1285669,5.0
Kandang berkah aqiqah,Kabupaten Karawang,-6.2627249,107.1285669,5.0
Dapur Bunda (Catering & Aqiqah),Kabupaten Karawang,-6.3356149,107.2058558,5.0
Lazzat Aqiqah melayani Cikarang Bekasi Karawang,Kabupaten Karawang,-2.44565,117.7446044,4.0
Kurnia Aqiqah Cikarang,Kabupaten Karawang,-6.2516072,107.0295907,5.0
"ND FOOD ( Catering, Aqiqah & Tumpeng Hias )",Kabupaten Karawang,-6.3305505,107.2770269,4.0
Aqiqah Cikarang Bekasi Nurul Hayat,Kabupaten Bekasi,-6.2727934,106.9590542,5.0
Aqiqah Murah Bekasi,Kabupaten Bekasi,-6.2727934,106.9590542,4.9
Berkah Aqiqah Bekasi,Kabupaten Bekasi,-6.2727934,106.9590542,5.0
Bani Aqiqah Bekasi,Kabupaten Bekasi,-6.2865497,106.8299859,4.9
"AMALIA AQIQAH,paket dan jasa kambing aqiqah murah bekasi",Kabupaten Bekasi,-6.2865497,106.8299859,4.8
Aqiqah 86 Bekasi,Kabupaten Bekasi,-6.1622539,106.8498418,5.0
Cahaya Iman Aqiqah,Kabupaten Bekasi,-6.1622539,106.8498418,5.0
Aqiqah Al-Kautsar Bekasi,Kabupaten Bekasi,-6.1622539,106.8498418,4.9
Mumtaz Aqiqah Bekasi,Kabupaten Bekasi,-6.1622539,106.8498418,5.0
Aqiqah bekasi by Bang Haji,Kabupaten Bekasi,-6.1622539,106.8498418,5.0
Amanah Aqiqah - Jasa Catering Aqiqah Bekasi & Paket Aqiqah Nasi Box Bekasi,Kabupaten Bekasi,-6.2454266,106.9259959,4.8
KADO PERMATA AQIQAH - Jasa Layanan Aqiqah Siap Saji & Hewan Qurban,Kabupaten Bekasi,-6.2454266,106.9259959,5.0
Aqiqah Bekasi Dapur Aqiqah,Kabupaten Bekasi,-6.2178828,106.8583788,4.9
Prestige Aqiqah Cikarang,Kabupaten Bekasi,-6.3357953,106.9964214,5.0
MR Aqiqah dan Catering | Aqiqah terdekat dari lokasi anda,Kabupaten Bekasi,-6.2737539,106.8070873,4.9
Kaffah Aqiqah & catering,Kabupaten Bekasi,-6.1745182,106.8886738,5.0
AQIQAHKU CIMAHI - PT. SAUDAGAR PANGAN NUSANTARA,Kabupaten Bandung Barat,-6.8707488,107.4183574,5.0
Widi Aqiqah Bandung Cimahi,Kabupaten Bandung Barat,-6.888364,107.3266508,4.9
Rizqia Aqiqah Cimahi & Bandung Barat,Kabupaten Bandung Barat,-6.888364,107.3266508,4.9
Sentra Aqiqah Cimahi,Kabupaten Bandung Barat,-6.8675029,107.3985287,4.9
Gold Aqiqah Bandung,Kabupaten Bandung Barat,-6.8675029,107.3985287,4.7
PDA AQIQAH,Kabupaten Bandung Barat,-6.8809563,107.4185201,4.9
Jasa Aqiqah Hasan,Kabupaten Pangandaran,-7.7383175,108.1214103,5.0
MADANI AQIQAH PANGANDARAN,Kabupaten Pangandaran,-7.7383175,108.1214103,0.0
Annisa Catering Pangandaran,Kabupaten Pangandaran,-7.6722296,108.3464341,4.9
"SUSI LAUT, Spesialis Catering Box Seafood Pangandaran",Kabupaten Pangandaran,-7.6896076,108.0855273,4.9
Rumah Aqiqah & Catering Masakan Bunda,Kabupaten Pangandaran,-7.6719127,108.4767596,4.7
Nuraos Catering,Kabupaten Pangandaran,-7.7296188,107.9065322,4.6
CATERING HEMAT PANGANDARAN,Kabupaten Pangandaran,-7.7296188,107.9065322,5.0
Klik Pangandaran Catering,Kabupaten Pangandaran,-7.7296188,107.9065322,4.3
Jaya Catering,Kabupaten Pangandaran,-7.7296188,107.9065322,4.7
Prestige Aqiqah Bogor Kota,Kota Bogor,-6.6313351,106.6566362,5.0
Dapur Aqiqah 86 Bogor,Kota Bogor,-6.6313351,106.6566362,5.0
Paket Aqiqah Indonesia (PaketAqiqah.in),Kota Bogor,-6.5784232,106.6146259,5.0
MANDIRI FARM jual hewan qurban dan akikah,Kota Sukabumi,-6.8845631,106.8878435,5.0
Jual hewan qurban/aqiqah,Kota Sukabumi,-6.896231,106.7759364,0.0
Tjitoelampa Kandang Kambing Sukabumi,Kota Sukabumi,-6.896231,106.7759364,4.8
Jagal halal Aqiqah & Qurban,Kota Sukabumi,-6.896231,106.7759364,5.0
MAPAT BAROKAH KAMBING,Kota Sukabumi,-6.896231,106.7759364,5.0
Muzaki Aqiqah,Kota Sukabumi,-6.935711,106.6273757,0.0
AQIQAHKU PSM KIARACONDONG - PT. SAUDAGAR PANGAN NUSANTARA,Kota Bandung,-6.931067,107.5820212,5.0
Aqiqah Lathiif ( Aqiqahnya Warga Bandung),Kota Bandung,-6.931067,107.5820212,5.0
Kiara Aqiqah | Jasa Aqiqah Siap Saji di Bandung,Kota Bandung,-6.9362281,107.5717429,4.9
Aqiqah Anak Shaleh Cirebon,Kota Cirebon,-6.7392468,108.3459943,5.0
Banati Aqiqah Ciledug,Kota Cirebon,-6.9034734,108.600935,4.6
Rumah Aqiqah Barokah cirebon,Kota Cirebon,-6.9034734,108.600935,5.0
Hasya Aqiqah,Kota Cirebon,-6.9034734,108.600935,5.0
"JUAL KAMBING QURBAN CIREBON ""Abdul Manaf""",Kota Cirebon,-6.7242368,108.4701294,4.9
Aqiqah Bekasi Nurul Hayat,Kota Bekasi,-6.2773115,106.7897727,5.0
Aqiqah Express Office Bekasi,Kota Bekasi,-6.2261802,106.8680858,4.9
D'Sultan Aqiqah Bekasi,Kota Bekasi,-6.2261802,106.8680858,5.0
Aqiqah Domba Bekasi,Kota Bekasi,-6.2261802,106.8680858,4.5
Paket Aqiqah Bekasi,Kota Bekasi,-6.2771793,106.8005162,4.4
Paket Aqiqah Murah di Bekasi | Alya Aqiqah,Kota Bekasi,-6.2771793,106.8005162,5.0
Prestige Aqiqah Bekasi,Kota Bekasi,-6.2771793,106.8005162,4.9
Annaba Aqiqah: Jasa Aqiqah Bekasi Terbaik,Kota Bekasi,-6.2771793,106.8005162,4.7
GIBRAN AQIQAH - Jasa Layanan Aqiqah Siap Saji & Hewan Qurban,Kota Bekasi,-6.3029354,106.8863338,5.0
Nurul Aqiqah Bekasi,Kota Bekasi,-6.3029354,106.8863338,5.0
Aqiqah Idaman Bekasi,Kota Bekasi,-6.3029354,106.8863338,4.9
Rizqia Aqiqah Bekasi,Kota Bekasi,-6.2319225,106.8128751,4.8
Aqiqah Dinar Bekasi,Kota Bekasi,-6.2319225,106.8128751,5.0
Aqiqah Express Cabang Bekasi,Kota Bekasi,-6.2319225,106.8128751,4.8
Pahala Aqiqah Bekasi,Kota Bekasi,-6.2319225,106.8128751,5.0
ELFAJR Aqiqah,Kota Bekasi,-6.1905033,106.9033835,5.0
ROZAK paket kambing aqiqah murah bekasi,Kota Bekasi,-6.326642,106.864888,4.9
Aqiqah Idaman Bekasi Barat,Kota Bekasi,-6.326642,106.864888,5.0
Catering sunah aqiqah bekasi,Kota Bekasi,-6.326642,106.864888,4.9
Hidayah Aqiqah dan Qurban,Kota Bekasi,-6.1917989,106.8660567,4.9
Karunia Aqiqah Perum Margahayu Bekasi,Kota Bekasi,-6.1917989,106.8660567,4.5
Aqiqah Premium Indonesia,Kota Bekasi,-6.1917989,106.8660567,4.6
Thoyyibah Aqiqah dan catering,Kota Bekasi,-6.3176303,106.8043169,4.6
Catering Aqiqah Bekasi,Kota Bekasi,-6.3176303,106.8043169,3.1
asalam aqiqah,Kota Bekasi,-6.3176303,106.8043169,4.7
Aqiqah Milenial,Kota Bekasi,-6.3176303,106.8043169,5.0
Riyadh Aqiqah Cibubur,Kota Bekasi,-6.3176303,106.8043169,5.0
WARDAH AQIQAH QURBAN BEKASI,Kota Bekasi,-6.3176303,106.8043169,5.0
Jasa Aqiqah Bekasi Oesman Aqiqah,Kota Bekasi,-6.3176303,106.8043169,5.0
HAIDAR AQIQAH (Bekasi),Kota Bekasi,-6.3176303,106.8043169,4.2
Laatansa Aqiqah -Bintara,Kota Bekasi,-6.3176303,106.8043169,4.5
"Baroqah Farms - Qurban, Aqiqah dan Katering Jatiasih Bekasi",Kota Bekasi,-6.3176303,106.8043169,4.5
SAHABAT AQIQAH DEPOK,Kota Depok,-6.4089459,106.7618329,5.0
Multazam Aqiqah,Kota Depok,-6.4089459,106.7618329,4.9
Nusantara Aqiqah Depok,Kota Depok,-6.4089459,106.7618329,4.9
Rumah Cinta Syamil Aqiqah Official Center,Kota Depok,-6.383214,106.7224402,5.0
Aqiqah Jakarta,Kota Depok,-6.383214,106.7224402,4.9
KELUARGA AQIQAH DEPOK | Jasa Aqiqah & Catering Jabodetabek,Kota Depok,-6.383214,106.7224402,4.9
Aqiqah Depok Nurul Hayat,Kota Depok,-6.383214,106.7224402,4.9
Abunawas Aqiqah Depok : Jasa Aqiqah Depok - Aqiqah Murah Depok,Kota Depok,-6.4555147,106.7607476,4.9
Aqiqah Depok (Rizky Aqiqah Depok),Kota Depok,-6.3861817,106.716401,4.9
Aqiqah Depok Maidah | Free Ongkir Jabodetabek,Kota Depok,-6.4084375,106.7719647,5.0
Jasa Aqiqah Depok | Paket Aqiqah Depok | Catering Aqiqah Depok,Kota Depok,-6.4084375,106.7719647,5.0
Bunayya Aqiqah,Kota Depok,-6.3792139,106.7117973,5.0
Missi Aqiqah,Kota Depok,-6.3792139,106.7117973,4.8
"Warung Ternak Aqiqah Depok (Peternakan Kambing, Domba, Aqiqah, Akikah, Catering, Qurban, Susu Kambing)",Kota Depok,-6.3792139,106.7117973,4.8
Nabawi Aqiqah (BQ Group),Kota Depok,-6.3792139,106.7117973,4.7
Prestige Aqiqah Depok,Kota Depok,-6.3792139,106.7117973,5.0
CateringAqiqah.com | Jasa Aqiqah Depok | Paket Aqiqah Gratis Antar,Kota Depok,-6.3792139,106.7117973,4.7
ARRAHMAN AQIQAH,Kota Depok,-6.3792139,106.7117973,4.9
Jasa Aqiqah Depok,Kota Depok,-6.3729019,106.7779126,5.0
Paket Jasa Aqiqah Kambing Domba Depok,Kota Depok,-6.3921479,106.6760913,5.0
Firdaus Aqiqah Depok Bogor,Kota Depok,-6.4443633,106.7413208,5.0
Bani Aqiqah Depok,Kota Depok,-6.3868198,106.7157128,4.4
Office Aqiqah Al-Fatih,Kota Depok,-6.3680625,106.7622147,5.0
Sakha Aqiqah Depok,Kota Depok,-6.3680625,106.7622147,5.0
SALAM AQIQAH ( Aqiqah Terbaik ),Kota Depok,-6.4443847,106.7413024,4.9
Hasanah Aqiqah dan Catering Depok,Kota Depok,-6.3905483,106.7405869,4.7
SpesialisAqiqah.com,Kota Depok,-6.3905483,106.7405869,4.7
Aqiqah Cimahi (Nurul Hayat),Kota Cimahi,-6.8756018,107.4067448,5.0
Dapoer Aqiqah Cimahi,Kota Cimahi,-6.8756018,107.4067448,4.7
Nayla Aqiqah Cimahi,Kota Cimahi,-6.8756018,107.4067448,4.6
Aqiqah dan Qurban Cimahi bandung,Kota Cimahi,-6.8756018,107.4067448,4.2
AQIQAH SPESIAL KEBULI Cimahi Bandung by Abada,Kota Cimahi,-6.8756018,107.4067448,5.0
Tawekal Domba Aqiqah Cimahi,Kota Cimahi,-6.8756018,107.4067448,4.9
Dapur Aqiqah Cijerah,Kota Cimahi,-6.8756018,107.4067448,4.7
Dapur Aqiqah Cimahi,Kota Cimahi,-6.8756018,107.4067448,5.0
Aqiqah Bandung Cimahi - Abi Aqiqah jln Budi Cimahi Utara-Bandung,Kota Cimahi,-6.8756018,107.4067448,5.0
RYD AQIQAH,Kota Cimahi,-6.8756018,107.4067448,5.0
ALIF AQIQAH BANDUNG,Kota Cimahi,-6.8756018,107.4067448,5.0
DT AQIQAH CIMAHI,Kota Cimahi,-6.8756018,107.4067448,5.0
Assabiq Aqiqah Cimahi,Kota Cimahi,-6.8756018,107.4067448,4.8
Aqiqah Al HILAL Cimahi Bandung Barat,Kota Cimahi,-6.8756018,107.4067448,4.6
Bingkai Aqiqah Bandung,Kota Cimahi,-6.8756018,107.4067448,5.0
Mitra Aqiqah,Kota Cimahi,-6.8756018,107.4067448,5.0
"MAU Babakaran , MAU Aqiqah",Kota Cimahi,-6.8756018,107.4067448,5.0
AQIQAH ALHUDA,Kota Cimahi,-6.8756018,107.4067448,5.0
hasna aqiqah qurban official,Kota Cimahi,-6.8756018,107.4067448,4.8
AS Catering dan Aqiqah,Kota Cimahi,-6.8968809,107.4813761,5.0
Kambing Guling & Aqiqah BBQ home service Kamayels,Kota Cimahi,-6.8968809,107.4813761,5.0
Hijaz Aqiqah - Jual Kambing Domba dan Paket Aqiqah Bandung Cimahi dan Kabupaten Bandung,Kota Cimahi,-6.8694026,107.5496473,4.9
Niaga Catering Nusantara Cimahi,Kota Cimahi,-6.8593353,107.4452558,5.0
DAPUR DAN KANTOR AQIQAH ALHILAL CILAME,Kota Cimahi,-6.8593353,107.4452558,4.6
Aqiqah Termurah di Bandung Cimahi,Kota Cimahi,-6.8593353,107.4452558,0.0
CATERING WARUNG Q-NENG,Kota Cimahi,-6.8757379,107.4872035,4.5
N.I.H. Aqiqah,Kota Cimahi,-6.8757379,107.4872035,0.0
Catering Murah Cimahi - Bandung,Kota Cimahi,-6.8757379,107.4872035,5.0
Andika Sari Catering,Kota Cimahi,-6.8757379,107.4872035,4.4
PREMIER AQIQAH,Kota Cimahi,-6.8757379,107.4872035,0.0
DNS UTAMA CATERING ( DAPUR NYUMPUT SARASA UTAMA CATERING ),Kota Cimahi,-6.8757379,107.4872035,4.8
Kantor Rakha Catering,Kota Cimahi,-6.8831196,107.4529414,4.6
"Sheep Catering ""MAU Aqiqah""",Kota Cimahi,-6.8831196,107.4529414,0.0
Kusumah Catering,Kota Cimahi,-6.8831196,107.4529414,4.9
Sinar Aqiqah,Kota Cimahi,-6.8493536,107.4985381,5.0
Berkat Aqiqah,Kota Cimahi,-6.865381,107.4509859,4.5
Madani Aqiqah Kawalu Tamansari,Kota Tasikmalaya,-7.3615038,107.9339774,5.0
Aqiqah & qurban Kota Tasikmalaya,Kota Tasikmalaya,-7.3615038,107.9339774,0.0
Agih Fadhila Aqiqah,Kota Tasikmalaya,-7.3615038,107.9339774,5.0
Kandang Syasya aqiqah,Kota Tasikmalaya,-7.3615038,107.9339774,5.0
RUMAH AQIQAH UD FAISAL,Kota Tasikmalaya,-7.3624968,107.8887018,0.0
Sentra Aqiqah Nusantara cabang Banjar,Kota Banjar,-7.365449,108.5165134,5.0
Fadhila Aqiqah Banjar,Kota Banjar,-7.378464,108.5327684,0.0
